name,mass,noofmoons
Mercury,3.3011×10p23,0
Venus,4.8675×10p24,0
Earth,5.972168×10p24,1
Mars,6.4171×10p23,2
Jupiter,1.8982×10p27,97
Saturn,5.6834×10p26,274
Uranus,(8.6810±0.0013)×10p25,28
Neptune,1.02409×10p26,16